ID,Yakut Context,Yakut Question,Yakut Options,Yakut Answer,English Context,English Question,English Options,English Answer,corrected yakut context,corrected yakut question,corrected yakut options,corrected yakut answer
1,"Куоскалар күн аайы элбэх чаас утуйаллар, үксүн сылаас сиргэ.",Ханнык харамай сылаас сиргэ элбэхтик утуйарый?,"Ыт, Куоска, Балык, Көтөр",Куоска,"Cats sleep for many hours each day, usually in warm spots.",Which animal sleeps a lot in warm places?,"Dog, Cat, Fish, Bird",Cat,"Куоскалар күн аайы элбэх чаас утуйаллар, үксүн сылаас сиргэ.",Ханнык кыыл сылаас сиргэ элбэхтик утуйарый?,"Ыт, Куоска, Балык, Көтөр",Куоска
2,"Ардах былыттан түһэн, сири уулаах оҥорор.",Былыттан туох түһэрий?,"Хаар, Самыыр, Туман, Тыал",Самыыр,Rain falls from the clouds and makes the ground wet.,What falls from clouds?,"Snow, Rain, Fog, Wind",Rain,"Ардах былыттан түһэн, сири инчэҕэй оҥорор.",Былыттан туох түһэрий?,"Хаар, Ардах, Туман, Тыал",Ардах
3,Поездтар суолларынан айанныыллар уонна пассажирдары куораттарынан таһаллар.,Трассаларга туох сүүрэрий?,"Массыына, Автобус, Поезд, Велосипед",Поезд,Trains travel on tracks and carry passengers across cities.,What runs on tracks?,"Car, Bus, Train, Bike",Train,Поездтар тимир суолларынан айанныыллар уонна пассажирдары куораттарынан таһаллар.,Тимир суолга туох айанныырый?,"Массыына, Автобус, Поезд, Велосипед",Поезд
4,"Яблоколар кыһыл, саһыл, саргы буолуохтарын сөп, уонна маска үүнэллэр.",Ханнык фрукта маска үүнэрий?,"Дьаабылака, Банан, Виноград, Дыня",Дьаабылака,"Apples can be red, green, or yellow, and grow on trees.",Which fruit grows on trees?,"Apple, Banana, Grape, Melon",Apple,"Яблоколар кыһыл, саһыл, саргы буолуохтарын сөп, уонна маска үүнэллэр.",Ханнык фрукта маска үүнэрий?,"Дьаабылака, Банан, Виноград, Дыня",Дьаабылака
5,Күн күнүс биһиэхэ сырдыгы уонна сылааһы биэрэр.,Күнүс сырдыгы туох биэрэрий?,"Күн, Ыйдаҥа, Лаампа, Уот",Күн,The sun gives us light and heat during the daytime.,What gives light in the daytime?,"Sun, Moon, Lamp, Fire",Sun,Күн күнүс биһиэхэ сырдыгы уонна сылааһы биэрэр.,Күнүс сырдыгы туох биэрэрий?,"Күн, Ый, Лаампа, Уот",Күн
6,Кустар сымыыттарын уурарга уонна оҕолорун иитэргэ уйа тутталлар.,Кустар ханна сымыыттыылларый?,"Хайа хаспаҕа, Уйа, Мас, Хайаҕас",Уйа,Birds build nests to lay their eggs and raise chicks.,Where do birds lay eggs?,"Cave, Nest, Tree, Hole",Nest,Кустар сымыыттарын уурарга уонна оҕолорун иитэргэ уйа тутталлар.,Кустар ханна сымыыттыылларый?,"Хайа хаспаҕа, Уйа, Мас, Дьаама",Уйа
7,Үүт маҥан буолар уонна ынахтан уонна куобахтан тахсар.,Ынахтан туох тахсарый?,"Уу, Сок, Үүт, Арыы",Үүт,Milk is white and comes from cows and goats.,What comes from cows?,"Water, Juice, Milk, Oil",Milk,Үүт маҥан буолар уонна ынахтан уонна куобахтан тахсар.,Ынахтан туох тахсарый?,"Уу, Сок, Үүт, Арыы",Үүт
8,Арыылар уйаларга нектары хомуйан арыы оҥороллор.,Арыылар тугу оҥороллоруй?,"Үүт, Саахар, Воск, мүөт",мүөт,Bees collect nectar and make honey in hives.,What do bees make?,"Milk, Sugar, Wax, Honey",Honey,Арыылар уйаларга нектары хомуйан арыы оҥороллор.,Тигээйилэр тугу оҥороллоруй?,"Үүт, Саахар, Воск, мүөт",мүөт
9,Балыктар ууга сөтүөлүүллэр уонна жабердарынан тыыналлар.,Туох жаберынан тыынар?,"Көтөр, Баҕа, Балык, Моҕой",Балык,Fish swim in water and breathe through gills.,What breathes through gills?,"Bird, Frog, Fish, Snake",Fish,Балыктар ууга сөтүөлүүллэр уонна жабердарынан тыыналлар.,Туох хайыынан тыынар?,"Көтөр, Баҕа, Балык, Моҕой",Балык
10,Күһүн тымныйдаҕына мастан сэбирдэхтэрэ түһэллэр.,Күһүн мастан туох түһэрий?,"Хатырык, Сэбирдэхтэр, Хайалар, Орехтар",Сэбирдэхтэр,Leaves fall from trees during autumn when it gets cooler.,What falls from trees in autumn?,"Bark, Leaves, Rocks, Nuts",Leaves,Күһүн тымныйдаҕына мастан сэбирдэхтэрэ түһэллэр.,Күһүн мастан туох түһэрий?,"Хатырык, Сэбирдэхтэр, Хайалар, Орехтар",Сэбирдэхтэр
11,Ый түүн көстөр уонна төгүрүк быһыылаах.,Төгүрүк уонна түүн көрүллэр тугуй?,"Күн, Сулус, Ыйдаҥа, Былыт",Ыйдаҥа,The moon is visible at night and has a round shape.,What is round and seen at night?,"Sun, Star, Moon, Cloud",Moon,Ый түүн көстөр уонна төгүрүк быһыылаах.,Төгүрүк уонна түүн көстөр тугуй?,"Күн, Сулус, Ый, Былыт",Ый
12,Хаамар кэмҥэ атахха харыстыыр ​​туһугар атах таҥаһын кэтэр.,Атаххын туох харыстыырый?,"Бэрчээккэлэр, Бачыыҥкалар, Наскылар, Шляпалар",Бачыыҥкалар,Shoes are worn on feet to protect them while walking.,What protects your feet?,"Gloves, Shoes, Socks, Hats",Shoes,Хаамар кэмҥэ атахха харыстыыр ​​туһугар атах таҥаһын кэтэр.,Атаххын туох харыстыырый?,"Бэрчээккэлэр, Бачыыҥкалар, Наскылар, Сэлээппэлэр",Бачыыҥкалар
13,Муус сылыйдаҕына ууллар уонна ууга кубулуйар.,Муус туох буоларый?,"Салгыс, Хаар, Паар, Уу",Уу,Ice melts when it gets warm and turns into water.,What does ice become?,"Air, Snow, Steam, Water",Water,Муус сылыйдаҕына ууллар уонна ууга кубулуйар.,Муус туох буоларый?,"Салгын, Хаар, Паар, Уу",Уу
14,"Баҕалар сиргэ да, ууга да ыстанан олоруохтарын сөп.",Ханнык харамай ууга уонна сиргэ олороруй?,"Балык, Баҕа, Көтөр, Куоска",Баҕа,Frogs can jump and live both on land and in water.,Which animal lives in water and on land?,"Fish, Frog, Bird, Cat",Frog,"Баҕалар сиргэ да, ууга да ыстанан олоруохтарын сөп.",Ханнык харамай ууга уонна сиргэ олороруй?,"Балык, Баҕа, Көтөр, Куоска",Баҕа
15,Арыы үүттэн оҥоһуллар уонна ас астыырга туттуллар.,Үүттэн тугу оҥороллоруй?,"Сок, Арыы, Арыы, Бурдук",Арыы,Butter is made from milk and is used in cooking.,What is made from milk?,"Juice, Butter, Oil, Flour",Butter,Сиикэй Арыы үүттэн оҥоһуллар уонна ас астыырга туттуллар.,Үүттэн тугу оҥороллоруй?,"Сок, Сиикэй Арыы, Мас Арыы, Бурдук",Сиикэй Арыы
16,Креслолар олорорго туттуллар уонна үксүгэр түөрт атахтаах буолаллар.,Туохха олоробут?,"Остуол, Орон, Олоппос, Саах",Олоппос,Chairs are used for sitting and often have four legs.,What do we sit on?,"Table, Bed, Chair, Stool",Chair,Креслолар олорорго туттуллар уонна үксүгэр түөрт атахтаах буолаллар.,Туохха олоробут?,"Остуол, Орон, Олоппос, Табуретка",Олоппос
17,Чаһылар бириэмэни көрдөрөллөр уонна хамсыыр илиилээхтэр.,Кэми туох көрдөрөрүй?,"Көр, Халандаар, Чаһыы, Телефон",Чаһыы,Clocks show the time and have hands that move.,What shows the time?,"Watch, Calendar, Clock, Phone",Clock,Истиэнэ Чаһылар бириэмэни көрдөрөллөр уонна хамсыыр илиилээхтэр.,Бириэмэни туох көрдөрөрүй?,"Илии Чаһыы, Халандаар, Истиэнэ Чаһыы, Телефон",Истиэнэ Чаһыы
18,Массыыналар мотуордаахтар уонна суолга айанныыллар.,Суолга туох айанныырый?,"Самолет, Массыына, Тыы, Поезд",Массыына,Cars have engines and drive on roads.,What drives on roads?,"Plane, Car, Boat, Train",Car,Массыыналар мотуордаахтар уонна суолга айанныыллар.,Суолга туох айанныырый?,"Самолет, Массыына, Тыы, Поезд",Массыына
19,"Бананнар диэн уһун, үрүҥ өҥнөөх фрукталар, үүнэллэр.",Ханнык фрукта саһархай уонна уһун буоларый?,"Дьаабылака, Банан, Груша, Манго",Банан,"Bananas are long, yellow fruits that grow in bunches.",Which fruit is yellow and long?,"Apple, Banana, Pear, Mango",Banana,"Бананнар диэн уһун, саһархай өҥнөөх фрукталар, үүнэллэр.",Ханнык фрукта саһархай уонна уһун буоларый?,"Дьаабылака, Банан, Груша, Манго",Банан
20,Харандаас суруйарга туттуллар уонна үрдүгэр ластиктаах.,Суруйарга туох туттулларый?,"Уруучука, Мел, Харандаас, Суокка",Харандаас,Pencils are used to write and have erasers on top.,What is used for writing?,"Pen, Chalk, Pencil, Brush",Pencil,Харандаас суруйарга туттуллар уонна үрдүгэр ластиктаах.,Суруйарга туох туттулларый?,"Уруучука, Мел, Харандаас, Суокка",Харандаас
21,Ыраас күннэргэ халлаан күөх курдук көстөр.,Халлаан өҥнөөх?,"Халлаан күөх, От күөх, Кыһыл, Үрүҥ",Халлаан күөх,The sky appears blue on clear sunny days.,What color is the sky?,"Blue, Green, Red, White",Blue,Ыраас күннэргэ халлаан күөх курдук көстөр.,Халлаан туох өҥнөөҕүй?,"Халлаан күөх, От күөх, Кыһыл, Үрүҥ",Халлаан күөх
22,Хайалар үрдүктэр уонна үксүгэр хаарынан бүрүллүбүттэр.,Үрдүк уонна хаардаах диэн тугуй?,"Томтор, Таас, Хайа, Мас",Хайа,Mountains are tall and often covered with snow.,What is tall and snowy?,"Hill, Rock, Mountain, Tree",Mountain,Хайалар үрдүктэр уонна үксүгэр хаарынан бүрүллүбүттэр.,Үрдүк уонна хаардаах диэн тугуй?,"Томтор, Таас, Хайа, Мас",Хайа
23,"Ынах оту сиир, фермаҕа олорор.",Ханнык харамай оту сиирий?,"Ынах, Ыт, Баабыр, Бөрө",Ынах,Cows eat grass and live on farms.,What animal eats grass?,"Cow, Dog, Tiger, Wolf",Cow,"Ынах оту сиир, фермаҕа олорор.",Ханнык харамай оту сиирий?,"Ынах, Ыт, Баабыр, Бөрө",Ынах
24,Остуол диэн аһыырга эбэтэр үлэлииргэ туттуллар тэҥ сир.,Туох тэҥ сирдээх буолуой?,"Олоппос, Эркин, Остуол, Чааскы",Остуол,Tables are flat surfaces used for eating or working.,What has a flat surface?,"Chair, Wall, Table, Cup",Table,Остуол диэн аһыырга эбэтэр үлэлииргэ туттуллар хаптаҕай сир.,Туох хаптаҕай буоларый?,"Олоппос, Эркин, Остуол, Чааскы",Остуол
25,Ыттар үрэр уонна кутуруктарын хамсатар доҕордуу харамайдар.,Ханнык харамай үрэрий?,"Куоска, Ыт, Козел, Кус",Ыт,Dogs are friendly animals that bark and wag their tails.,What animal barks?,"Cat, Dog, Goat, Duck",Dog,Ыттар үрэр уонна кутуруктарын хамсатар доҕордуу харамайдар.,Ханнык харамай үрэрий?,"Куоска, Ыт, Козел, Кус",Ыт
26,Мыыла илиини суунарга уонна микробтары өлөрөргө туттуллар.,Илиини суунарга тугу тутталларый?,"Арыы, Крем, Мыыла, Порошок",Мыыла,Soap is used for washing hands and killing germs.,What is used to wash hands?,"Oil, Cream, Soap, Powder",Soap,Мыыла илиини суунарга уонна микробтары өлөрөргө туттуллар.,Илиини суунарга тугу тутталларый?,"Арыы, Крем, Мыыла, Порошок",Мыыла
27,Түүн халлааҥҥа сулустар чаҕылыйаллар.,Түүн туох тыаһыыр?,"Ыйдаҥа, Сулус, Самолет, Былыт",Сулус,Stars twinkle in the sky during the night.,What twinkles at night?,"Moon, Star, Plane, Cloud",Star,Түүн халлааҥҥа сулустар чаҕылыйаллар.,Түүн туох чаҕылыйарый?,"Ый, Сулус, Самолет, Былыт",Сулус
28,Лимон диэн сымнаҕас амтаннаах үрүҥ фрукталар.,Ханнык фрукта үрүҥ уонна сымнаҕас буоларый?,"Лимон, Дьаабылака, Апельсин, Виноград",Лимон,Lemons are yellow fruits with a sour taste.,Which fruit is yellow and sour?,"Lemon, Apple, Orange, Grape",Lemon,Лимон диэн аһыы амтаннаах саһархай фрукталар.,Ханнык фрукта саһархай уонна аһыы буоларый?,"Лимон, Дьаабылака, Апельсин, Виноград",Лимон
29,Кинигэлэр ааҕарга бэчээттэммит тыллардаах страницалардаахтар.,Туох страницалаах уонна тыллардаах буолуой?,"Дьааһык, Кинигэ, Суумка, Хаартыска",Кинигэ,Books have pages with printed words to read.,What has pages and words?,"Box, Book, Bag, Map",Book,Кинигэлэр ааҕарга бэчээттэммит тыллардаах страницалардаахтар.,Туох страницалаах уонна тыллардаах буолуой?,"Дьааһык, Кинигэ, Суумка, Хаартыска",Кинигэ
30,Түүнүн утуйарбытыгар бүрүө сылытар.,Ороҥҥо туох эйигин сылытар?,"Сыттын, Илиис, Сабыы, Соттор",Сабыы,Blankets keep us warm when we sleep at night.,What keeps you warm in bed?,"Pillow, Sheet, Blanket, Towel",Blanket,Түүнүн утуйарбытыгар суорҕан сылытар.,Ороҥҥо туох эйигин сылытар?,"Сыттын, Илиис, суорҕан, Соттор",суорҕан
31,Океан олус улахан уонна туустаах уулаах.,Туустаах уу туохха баарый?,"Күөл, Ньамах, Өрүс, Акыйаан",Акыйаан,The ocean is very large and contains salty water.,What contains salty water?,"Lake, Pond, River, Ocean",Ocean,Океан олус улахан уонна туустаах уулаах.,Туустаах уу туохха баарый?,"Күөл, Ньамах, Өрүс, Акыйаан",Акыйаан
32,Тыал күүстээх буоллаҕына халлааҥҥа көтөр.,Тыалга туох көтөрүй?,"Самолет, Баллон, Көтөр моҕой, Көтөр",Көтөр моҕой,A kite flies in the sky when the wind is strong.,What flies in the wind?,"Plane, Balloon, Kite, Bird",Kite,Тыал күүстээх буоллаҕына халлааҥҥа көтөр.,Тыалга туох көтөрүй?,"Самолет, Баллон, Көтөр змей, Көтөр",Көтөр змей
33,Оскуола бүтүүтүгэр куолакал тыаһыыр.,Оскуолаҕа туох тыаһыыр?,"Аймалҕан, Колокольчик, Иһиир, Чаһыы",Колокольчик,The bell rings at the end of school.,What rings at school?,"Alarm, Bell, Whistle, Clock",Bell,Оскуола бүтүүтүгэр Чуораан тыаһыыр.,Оскуолаҕа туох тыаһыыр?,"Аймалҕан, Чуораан, Иһиир, Чаһыы",Чуораан
34,"Уот итии буолан, түргэнник умайар.",Итии уонна умайар диэн тугуй?,"Муус, Уу, Уот, Хаар",Уот,Fire is hot and can burn things quickly.,What is hot and burns?,"Ice, Water, Fire, Snow",Fire,"Уот итии буолан, түргэнник умайар.",Итии уонна умайар диэн тугуй?,"Муус, Уу, Уот, Хаар",Уот
35,От күөх буолан пааркаларга уонна саадтарга үүнэр.,Садтарга туох үүнэрий уонна күөх буоларый?,"Таас, Буор, Мас, От",От,Grass is green and grows in parks and gardens.,What grows in gardens and is green?,"Rock, Soil, Tree, Grass",Grass,От күөх буолан пааркаларга уонна саадтарга үүнэр.,Садтарга туох үүнэрий уонна күөх буоларый?,"Таас, Буор, Мас, От",От
36,"Көрдөххүнэ, зеркало эн дьүһүҥҥүн көрдөрөр.",Эн толкуйгун туох көрдөрөрүй?,"Өстүөкүлэ, ТВ, Сиэркилэ, Эркин",Сиэркилэ,A mirror shows your reflection when you look at it.,What shows your reflection?,"Glass, TV, Mirror, Wall",Mirror,"Көрдөххүнэ, сиэркилэ эн күлүккүн көрдөрөр.",Эн күлүккүн туох көрдөрөрүй?,"Өстүөкүлэ, ТВ, Сиэркилэ, Эркин",Сиэркилэ
37,Велосипедтар икки көлүөһэлээхтэр уонна педальынан үлэлииллэр.,Туох икки көлүөһэлээхий?,"Массыына, Велосипед, Автобус, Ван",Велосипед,Bicycles have two wheels and are powered by pedaling.,What has two wheels?,"Car, Bike, Bus, Van",Bike,Велосипедтар икки көлүөһэлээхтэр уонна педальынан үлэлииллэр.,Туох икки көлүөһэлээхий?,"Массыына, Велосипед, Автобус, Микроавтобус",Велосипед
38,Атах таҥаһын шнуроктара атаххын кытаанахтык тутар.,Атах таҥаһын туох баайарый?,"Ремень, Пряжка, Шнурок, Килиэй",Шнурок,Shoelaces keep shoes tight on your feet.,What ties your shoes?,"Strap, Buckle, Shoelace, Glue",Shoelace,Атах таҥаһын шнуроктара атаххын кытаанахтык тутар.,Атах таҥаһын туох баайарый?,"Кур, Пряжка, Шнурок, Килиэй",Шнурок
39,Куорат устун оптуобустар элбэх пассажиры таһаллар.,Куоракка дьону туох илдьэ сылдьарый?,"Велосипед, Такси, Автобус, Ван",Автобус,Buses carry many passengers through the city.,What carries people in the city?,"Bike, Taxi, Bus, Van",Bus,Куорат устун оптуобустар элбэх пассажиры таһаллар.,Куоракка дьону туох таһарый?,"Велосипед, Такси, Автобус, Микроавтобус",Автобус
40,Уу үрдүк температураҕа оргуйар.,Сылыттахха туох буһарый?,"Арыы, Сок, Уу, Үүт",Уу,Water boils at a high temperature.,What boils when heated?,"Oil, Juice, Water, Milk",Water,Уу үрдүк температураҕа оргуйар.,Сылыттахха туох оргуйарый?,"Арыы, Сок, Уу, Үүт",Уу
41,Хараҥа хосторго лаампалар сырдыгы биэрэллэр.,Дьиэ иһигэр сырдыгы туох биэрэрий?,"Фанат, Остуора, Лаампа, Спикер",Лаампа,Lamps give light in dark rooms.,What gives light indoors?,"Fan, Curtain, Lamp, Speaker",Lamp,Хараҥа хосторго лаампалар сырдыгы биэрэллэр.,Дьиэ иһигэр сырдыгы туох биэрэрий?,"Вентилятор, Остуора, Лаампа, Спикер",Лаампа
42,Күн уотун хааччахтыыр туһугар төбөҕө шляпа кэтиллэр.,Төбөҕө тугу кэтэр?,"Атах таҥаһа, Шляпа, Перчатка, Ырбаахы",Шляпа,Hats are worn on the head to block sunlight.,What is worn on the head?,"Shoe, Hat, Glove, Shirt",Hat,Күн уотун хааччахтыыр туһугар төбөҕө шляпа кэтиллэр.,Төбөҕө туох кэтэллэрий?,"Атах таҥаһа, Шляпа, Перчатка, Ырбаахы",Шляпа
43,Сымыыттары куурусса уурар уонна рецептэргэ тутталлар.,Кууруссалар тугу ыһалларый?,"Сымыыттар, Таастар, Кукуруза, Сиэмэ",Сымыыттар,Eggs are laid by chickens and used in recipes.,What do chickens lay?,"Eggs, Stones, Corn, Seeds",Eggs,Сымыыттары куурусса уурар уонна рецептэргэ тутталлар.,Кууруссалар тугу ууралларый?,"Сымыыттар, Таастар, Кукуруза, Сиэмэ",Сымыыттар
44,Кыһын хаар түһэн сири бүрүйэр.,Кыьын туох туьэр?,"Самыыр, Сэбирдэхтэр, Хаар, Күл",Хаар,Snow falls in winter and covers the ground.,What falls in winter?,"Rain, Leaves, Snow, Ash",Snow,Кыһын хаар түһэн сири бүрүйэр.,Кыһын туох түһэрий?,"Самыыр, Сэбирдэхтэр, Хаар, Күл",Хаар
45,Мастар силистэрэ сиргэ дириҥник киирэр.,Туох дириҥ силистээ5ий?,"Дьиэ, Мас, Балаакка, Полюс",Мас,Trees have roots that go deep into the soil.,What has deep roots?,"House, Tree, Tent, Pole",Tree,Мастар силистэрэ сиргэ дириҥник киирэр.,Туох дириҥ силистээҕий?,"Дьиэ, Мас, Балаакка, Полюс",Мас
46,Хайалар кытаанахтар уонна сиргэ бааллар.,Туох кытаанах уонна сиргэ баарый?,"Таас, Сэбирдэх, Быа, Мээчик",Таас,Rocks are hard and found on the ground.,What is hard and on the ground?,"Rock, Leaf, Rope, Ball",Rock,Хайалар кытаанахтар уонна сиргэ тураллар.,Туох кытаанаҕый уонна сиргэ турарый?,"Таас, Сэбирдэх, Быа, Мээчик",Таас
47,Вентилятордар салгыны биэрэллэр уонна дьону тымныталлар.,Эйигин сойутаары салгыны туох үрэрий?,"Сылытар тэрил, Фанат, Оһох, Лаампа",Фанат,Fans blow air and keep people cool.,What blows air to cool you?,"Heater, Fan, Oven, Lamp",Fan,Вентилятордар салгыны биэрэллэр уонна дьону тымныталлар.,Эйигин сойутаары салгыны туох үрэрий?,"Сылытар тэрил, Вентилятор, Оһох, Лаампа",Вентилятор
48,Печенье ыһаарыламмыт уонна сииргэ минньигэс.,Минньигэс ас диэн тугуй?,"Кэмпиэт, Куки, Тост, Фрукта",Куки,Cookies are baked and sweet to eat.,What is a sweet baked treat?,"Candy, Cookie, Toast, Fruit",Cookie,бэчиэнньэ духовкаҕа буһар уонна сииргэ минньигэс.,Минньигэс уонна духовкаҕа буспут ас диэн тугуй?,"Кэмпиэт, бэчиэнньэ, Тост, Фрукта",бэчиэнньэ
49,Холодильник аһы тымныы уонна сибиэһэй оҥорор.,Аһы туох тымнытар?,"Микроволновка, Оһох, Холодильник, Тостер",Холодильник,The fridge keeps food cold and fresh.,What keeps food cold?,"Microwave, Oven, Fridge, Toaster",Fridge,Холодильник аһы тымныы уонна сибиэһэй оҥорор.,Аһы туох тымнытар?,"Микроволновка, Оһох, Холодильник, Тостер",Холодильник
50,Быһах диэн быһыыга туттуллар кытаанах тэриллэр.,Ханнык тэрил быһарга сытыы буоларый?,"Хамыйах, Быһах, Тэриэлкэ, Хабах",Быһах,Knives are sharp tools used for cutting.,What tool is sharp for cutting?,"Spoon, Knife, Plate, Bowl",Knife,Быһах диэн быһыыга туттуллар кытаанах тэриллэр.,Ханнык тэрил быһарга сытыы буоларый?,"Хамыйах, Быһах, Тэриэлкэ, Хабах",Быһах
51,Төлөпүөн дьону ыраахтан кэпсэтэр кыах биэрэр.,Дьон ыраахха тугунан кэпсэтэллэрий?,"Белл, Буукуба, Телефон, Радио",Телефон,The telephone lets people talk over long distances.,What do people use to talk far away?,"Bell, Letter, Phone, Radio",Phone,Төлөпүөн дьону ыраахтан кэпсэтэр кыах биэрэр.,Дьон ыраахха тугунан кэпсэтэллэрий?,"Чуораан, Буукуба, Төлөпүөн, Радио",Төлөпүөн
52,Пауктар аһылыктарын тутар туһугар ситимнэрин эргитэллэр.,Туох ситим эргийэрий?,"Тигээйи, Муравей, Паук, Үөн",Паук,Spiders spin webs to catch their food.,What spins a web?,"Bee, Ant, Spider, Worm",Spider,ооҕуй оҕустар аһылыктарын тутар туһугар ситимнэрин эргитэллэр.,Туох ситими баайарый?,"Тигээйи, Муравей, ооҕуй оҕус, Үөн",ооҕуй оҕус
53,Пицца төгүрүк буолар уонна үксүгэр сыырдаах уонна үрдүгэр баар буолар.,Ханнык ас сырдаах төгүрүк буоларый?,"Килиэп, Пицца, Бөрүөк, Тако",Пицца,Pizza is round and often has cheese and toppings.,What food is round with cheese?,"Bread, Pizza, Cake, Taco",Pizza,Пицца төгүрүк буолар уонна үксүгэр сыырдаах уонна топпиҥнаах буолар.,Ханнык ас сыырдаах уонна төгүрүк буоларый?,"Килиэп, Пицца, Бөрүөк, Тако",Пицца
54,Ачыкы дьон үчүгэйдик көрөрүгэр көмөлөһөр.,Чуолкайдык көрөргө туох көмөлөһөрүй?,"Ачыкы, Бачыыҥкалар, Шляпа, Саарт",Ачыкы,Glasses help people see better.,What helps you see clearly?,"Glasses, Shoes, Hat, Scarf",Glasses,Ачыкы дьон үчүгэйдик көрөрүгэр көмөлөһөр.,Сытыытык көрөргө туох көмөлөһөрүй?,"Ачыкы, Бачыыҥкалар, Шляпа, Саарт",Ачыкы
55,Ардах уонна күн сырдыгын кэнниттэн халлааҥҥа радугалар көстөллөр.,Ардах уонна күн кэнниттэн туох көстөрүй?,"Буурҕа, Туман, Радуга, Былыт",Радуга,Rainbows appear in the sky after rain and sunlight.,What appears after rain and sun?,"Storm, Fog, Rainbow, Cloud",Rainbow,Ардах уонна күн сырдыгын кэнниттэн халлааҥҥа кустуктар көстөллөр.,Ардах уонна күн кэнниттэн туох көстөрүй?,"Буурҕа, Туман, кустук, Былыт",кустук
56,Уот суох кэмигэр лааҕырдар умайаллар уонна сырдыгы биэрэллэр.,Умайар кэмҥэ туох сырдыгы биэрэрий?,"Испиискэ, Чүмэчи, Мас, Факел",Чүмэчи,Candles burn and give light when there is no electricity.,What gives light when burning?,"Match, Candle, Stick, Torch",Candle,Уот суох кэмигэр чүмэчилэр умайаллар уонна сырдыгы биэрэллэр.,Умайдаҕына туох сырдыгы биэрэрий?,"Испиискэ, Чүмэчи, Мас, Факел",Чүмэчи
57,Былыттар үрүҥ эбэтэр сиэрэй буоланнар халлааҥҥа көтөллөр.,Халлааҥҥа туох көтө сылдьарый?,"Сэбирдэх, Көтөр, Былыт, Таас",Былыт,Clouds are white or gray and float in the sky.,What floats in the sky?,"Leaf, Bird, Cloud, Rock",Cloud,Былыттар үрүҥ эбэтэр сиэрэй буоланнар халлааҥҥа тэлээрэ көтөллөр.,Халлааҥҥа туох тэлээрэ көтө сылдьарый?,"Сэбирдэх, Көтөр, Былыт, Таас",Былыт
58,Тыһылар диэн маһы холбуурга туттуллар кыра тимир чаастар.,Маһы туох холбуур?,"Боруобат, Килиэй, Тоһоҕо, Сап",Тоһоҕо,Nails are small metal pieces used to join wood.,What joins pieces of wood?,"Wire, Glue, Nail, String",Nail,Тоһоҕолор диэн маһы холбуурга туттуллар кыра тимир чаастар.,Мас хаптаһыннары туох холбуур?,"Боруобат, Килиэй, Тоһоҕо, Сап",Тоһоҕо
59,Күлүүстэр ааннары хатыырга уонна арыйарга туттуллар.,Бэлиэни арыйарга туох туттулларый?,"Хаартыска, Мас, Күлүүс, Тутаах",Күлүүс,Keys are used to lock and unlock doors.,What is used to open a lock?,"Card, Stick, Key, Handle",Key,Күлүүстэр ааннары хатыырга уонна арыйарга туттуллар.,Сомуогу арыйарга туох туттулларый?,"Хаартыска, Мас, Күлүүс, Тутаах",Күлүүс
60,Тиис щётката тиискин ыраастыырга туттуллар.,Тиис сууйарга туох туттулларый?,"Тараах, Тиис щетката, Соттор, Солуома",Тиис щетката,A toothbrush is used to clean your teeth.,What is used for brushing teeth?,"Comb, Toothbrush, Towel, Straw",Toothbrush,Тиис щётката тиискин ыраастыырга туттуллар.,Тиис суунарга туох туттулларый?,"Тараах, Тиис щетката, Соттор, Солуома",Тиис щетката
61,Зебралар хара уонна маҥан полоскалардаахтар.,Ханнык харамай полоскалаах буолуой?,"Хахай, Зебра, Баабыр, Тулуй",Зебра,Zebras have black and white stripes.,Which animal has stripes?,"Lion, Zebra, Tiger, Bear",Zebra,Зебралар хара уонна маҥан полоскалардаахтар.,Ханнык харамай полоскалаах буоларый?,"Хахай, Зебра, Баабыр, Эһэ",Зебра
62,Виноград үүнэр уонна сииргэ минньигэс.,Ханнык фрукта силбэһиилээхтик үүнэрий?,"Виноград, Дьаабылака, Слива, Груша",Виноград,Grapes grow in bunches and are sweet to eat.,What fruit grows in bunches?,"Grape, Apple, Plum, Pear",Grape,Виноград силбэһиилээхтик үүнэр уонна сииргэ минньигэс.,Ханнык фрукта силбэһиилээхтик үүнэрий?,"Виноград, Дьаабылака, Слива, Груша",Виноград
63,Грузовиктар диэн ыарахан таһаҕаһы таһар улахан массыыналар.,Ыарахан тугу илдьэ сылдьарый?,"Массыына, Грузовик, Велосипед, Тыы",Грузовик,Trucks are large vehicles that carry heavy loads.,What carries heavy things?,"Car, Truck, Bike, Boat",Truck,Грузовиктар диэн ыарахан таһаҕаһы таһар улахан массыыналар.,Туох ыарахан таһаҕаһы тиэйэрий?,"Массыына, Грузовик, Велосипед, Тыы",Грузовик
64,Трап дьон үрдүк сиргэ тахсарыгар көмөлөһөллөр.,Үөһэ тахсарга тугу туһаналларый?,"Кирилиэс, Кирилиэс, Ыскамыайка, Эркин",Кирилиэс,Ladders help people reach high places.,What is used to climb up?,"Stairs, Ladder, Bench, Wall",Ladder,дьоҕус кирилиэс дьон үрдүк сиргэ тахсарыгар көмөлөһөллөр.,Үөһэ тахсарга тугу туһаналларый?,"Кирилиэс, дьоҕус кирилиэс, Ыскамыайка, Эркин",дьоҕус кирилиэс
65,Барабаннар охсуллубуттарыгар улахан тыаһы таһаараллар.,Ханнык инструмены охсоҕун?,"Флейта, Барабан, Арфа, Скрипка",Барабан,Drums make a loud sound when hit.,What instrument do you hit?,"Flute, Drum, Harp, Violin",Drum,Барабаннар охсуллуннахтарына улахан тыаһы таһаараллар.,Ханнык инструмены охсоҕун?,"Флейта, Барабан, Арфа, Скрипка",Барабан
66,Черепахалар бытааннык хамсыыллар уонна кытаанах хаппахтаахтар.,Ханнык кыыл раковиналаах буолуой?,"Баҕа, Ящерица, Черепаха, Куобах",Черепаха,Turtles move slowly and have hard shells.,Which animal has a shell?,"Frog, Lizard, Turtle, Rabbit",Turtle,Черепахалар бытааннык хамсыыллар уонна кытаанах хаппахтаахтар.,Ханнык кыыл раковиналаах буолуой?,"Баҕа, Ящерица, Черепаха, Куобах",Черепаха
67,Сөмөлүөттэр халлааҥҥа үрдүккэ көтөллөр уонна түргэнник айанныыллар.,Халлааҥҥа туох түргэнник көтөрүй?,"Сөмөлүөт, Самолет, Көтөр, Баллон",Самолет,Airplanes fly high in the sky and travel fast.,What flies fast in the sky?,"Helicopter, Plane, Bird, Balloon",Plane,Сөмөлүөттэр халлааҥҥа үрдүккэ көтөллөр уонна түргэнник көтөллөр.,Халлааҥҥа туох түргэнник көтөрүй?,"бөртөлүөт, Сөмөлүөт, Көтөр, Баллон",Самолет
68,Чаһы нүөмэрдээх уонна хамсыыр стрелкалардаах.,Туох илиилээх уонна бириэмэни көрдөрөрүй?,"Хаартыска, Чаһыы, Радио, Көр",Чаһыы,The clock has numbers and moving hands.,What has hands and shows time?,"Map, Clock, Radio, Watch",Clock,Чаһы нүөмэрдээх уонна хамсыыр стрелкалардаах.,Туох стрелкалардаах уонна бириэмэни көрдөрөрүй?,"Хаартыска, Чаһыы, Радио, Илии Чаһыы",Чаһыы
69,Кырааска истиэнэлэргэ уонна искусствоҕа өҥү эбэр туһугар туттуллар.,Эркиннэргэ туох өҥү эбэр?,"Чернила, Ойуулаа, Мел, Кумааҕы",Ойуулаа,Paint is used to add color to walls and art.,What adds color to walls?,"Ink, Paint, Chalk, Paper",Paint,Кырааска истиэнэлэргэ уонна искусствоҕа өҥү эбэр туһугар туттуллар.,Эркиннэргэ туох өҥү эбэр?,"Чернила, Ойуулаа, Мел, Кумааҕы",Ойуулаа
70,Сыр үүттэн оҥоһуллар уонна быһыахха сөп.,Үүттэн тугу оҥороллор уонна кырбаналларый?,"Йогурт, Арыы, Сыыр, Крем",Сыыр,Cheese is made from milk and can be sliced.,What is made from milk and sliced?,"Yogurt, Butter, Cheese, Cream",Cheese,Сыр үүттэн оҥоһуллар уонна быһыахха сөп.,Үүттэн тугу оҥоһуллар уонна быһаҕынан кырбаныан сөп?,"Йогурт, Арыы, Сыыр, Крем",Сыыр
71,Вулканнар лавалаах уонна буруолаах дэлби тэбиллэр.,Лава туох дэлби тэбиитэ буоларый?,"Томтор, Хайа, Вулкан, Хайа хаспаҕа",Вулкан,Volcanoes erupt with lava and smoke.,What erupts with lava?,"Hill, Mountain, Volcano, Cave",Volcano,Вулканнар лавалаах уонна буруолаах дэлби тэбиллэр.,Лава туох дэлби тэбиитэ буоларый?,"Томтор, Хайа, Вулкан, Хайа хаспаҕа",Вулкан
72,Хайчыга диэн кумааҕыны уонна таҥаһы быһарга туттуллар тэрил.,Ханнык тэрил кумааҕыны быһарый?,"Быһах, Уруучука, Кыптыый, Мас",Кыптыый,Scissors are tools used to cut paper and fabric.,What tool cuts paper?,"Knife, Pen, Scissors, Stick",Scissors, Кыптыый диэн кумааҕыны уонна таҥаһы быһарга туттуллар тэрил.,Ханнык тэрил кумааҕыны быһарый?,"Быһах, Уруучука, Кыптыый, Мас",Кыптыый
73,Зебра суолларыгар үрүҥ полосаларынан бэлиэтэммит.,Суолга туох үрүҥ полоскалардаах буолуой?,"Зебра, Илии баттаа, Кроссинг, Переулок",Кроссинг,A zebra crossing is marked with white stripes on roads.,What has white stripes on roads?,"Zebra, Sign, Crossing, Lane",Crossing,Суолу туоруур Зебра суолга үрүҥ полосаларынан бэлиэтэммит.,Суолга туох үрүҥ полоскалардаах буолуой?,"Зебра, Знак, Суол туорааһына, Полоса",Суол туорааһына
74,Кумааҕы мастан оҥоһуллар уонна суруйарга туттуллар.,Сурукка туох туттулларый уонна мастартан тахсарый?,"Пластик, Таҥас, Кумааҕы, Өстүөкүлэ",Кумааҕы,Paper is made from wood and used for writing.,What is used for writing and comes from trees?,"Plastic, Cloth, Paper, Glass",Paper,Кумааҕы мастан оҥоһуллар уонна суруйарга туттуллар.,Сурукка туох туттулларый уонна мастартан оҥоһулларый?,"Пластик, Таҥас, Кумааҕы, Өстүөкүлэ",Кумааҕы
75,Павлиннар араас өҥнөөх түүлээхтэр уонна уһун кутуруктаахтар.,Ханнык кус өҥнөөх түүлээхтэрий?,"Тураах, Павлин, Кус, Хотой",Павлин,Peacocks have colorful feathers and long tails.,Which bird has colorful feathers?,"Crow, Peacock, Duck, Eagle",Peacock,Павлиннар араас өҥнөөх түүлээхтэр уонна уһун кутуруктаахтар.,Ханнык көтөрдөр араас өҥнөөх түүлээхтэрий?,"Тураах, Павлин, Кус, Хотой",Павлин
76,Хайалар диэн сиртэн үрдүккэ тахсар үрдүк сир формалара.,Сиртэн туох үрдүккэ тахсарый?,"Өрүс, Хайа, Хочо, Күөл",Хайа,Mountains are tall landforms that rise high above the ground.,What rises high from the land?,"River, Mountain, Valley, Lake",Mountain,Хайалар диэн сиртэн үрдүккэ тахсар үрдүк сир формалара.,Сиртэн туох үрдүккэ тахсарый?,"Өрүс, Хайа, Хочо, Күөл",Хайа
77,Баҕалар ыраах ыстанан уу аттыгар олоруохтарын сөп.,Уу аттыгар туох ыстанан олороруй?,"Балык, Баҕа, Ыт, Моҕой",Баҕа,Frogs can jump far and live near water.,What jumps and lives near water?,"Fish, Frog, Dog, Snake",Frog,Баҕалар ыраах ыстанан уу аттыгар олоруохтарын сөп.,Уу аттыгар олорор уонна ыстанар тугуй?,"Балык, Баҕа, Ыт, Моҕой",Баҕа
78,Термометр температураны мээрэйдиир.,Ханнык тэрил температураны мээрэйдиирий?,"Чаһыы, Термометр, Шкала, Барометр",Термометр,A thermometer measures temperature.,What tool measures temperature?,"Clock, Thermometer, Scale, Barometer",Thermometer,Термометр температураны мээрэйдиир.,Ханнык тэрил температураны мээрэйдиирий?,"Чаһыы, Термометр, Шкала, Барометр",Термометр
79,Бананнар үрүҥнэр уонна силбэһиилээхтик үүнэллэр.,Ханнык фрукта үрүҥ уонна токурдук буоларый?,"Дьаабылака, Банан, Груша, Слива",Банан,Bananas are yellow and grow in bunches.,Which fruit is yellow and curved?,"Apple, Banana, Pear, Plum",Banana,Бананнар саһархайдар уонна силбэһиилээхтик үүнэллэр.,Ханнык фрукта саһархай уонна токур буоларый?,"Дьаабылака, Банан, Груша, Слива",Банан
80,Плащтар дьону ардах кэмигэр кураанахтык туталлар.,Ардах түстэҕинэ тугу кэтэҕин?,"Сон, Плащ, Сибиитэрэ, Ырбаахы",Плащ,Raincoats keep people dry during rain.,What do you wear when it rains?,"Coat, Raincoat, Sweater, Shirt",Raincoat,Плащтар дьону ардах кэмигэр кураанахтык туталлар.,Ардах түстэҕинэ тугу кэтэҕин?,"Сон, Плащ, Сибиитэрэ, Ырбаахы",Плащ
81,Молот диэн тыҥырах охсорго туттуллар тэриллэр.,Ханнык тэрил тыҥырахха охсоруй?,"Ключ, Молот, Көрдө, Үүттээ",Молот,Hammers are tools used to hit nails.,What tool hits nails?,"Wrench, Hammer, Saw, Drill",Hammer, Балта диэн тоһоҕо охсорго туттуллар тэрил.,Ханнык тэрил тоһоҕону охсоруй?,"Ключ, Балта, Көрдө, Үүттээ",Молот
82,Арыылар арыы оҥороллор уонна уйаҕа олороллор.,Мүөтү туох оҥороруй?,"Сахсырҕа, Тигээйи, Муравей, Оса",Тигээйи,Bees make honey and live in hives.,What makes honey?,"Fly, Bee, Ant, Wasp",Bee,Тигээйилэр Мүөт оҥороллор уонна уйаҕа олороллор.,Мүөтү туох оҥороруй?,"Сахсырҕа, Тигээйи, Муравей, Оса",Тигээйи
83,Кошелек харчыны уонна каарталары тутар.,Харчыны уонна каартаны туох тутар?,"Суумка, Кумааһынньык, Суумка, Хармаан",Кумааһынньык,A wallet holds money and cards.,What holds money and cards?,"Purse, Wallet, Bag, Pocket",Wallet,Кумааһынньык харчыны уонна каарталары тутар.,Харчыны уонна каартаны туох тутар?,"Клатч, Кумааһынньык, Суумка, Хармаан",Кумааһынньык
84,"Пингвиннэр тымныы сиргэ олороллор, көтөр кыахтара суох.",Ханнык кус тымныы сиргэ олороруй?,"Мэкчиргэ, Пингвин, Тураах, Воробей",Пингвин,Penguins live in cold places and cannot fly.,Which bird lives in cold places?,"Owl, Penguin, Crow, Sparrow",Penguin,"Пингвиннэр тымныы сиргэ олороллор, көтөр кыахтара суох.",Ханнык чыычаах тымныы сиргэ олороруй?,"Мэкчиргэ, Пингвин, Тураах, Воробей",Пингвин
85,Ый түүҥҥү халлааҥҥа көстөн сырдыгы эргийэр.,Түүннэри халлааҥҥа туох көстөрүй?,"Күн, Сулус, Ыйдаҥа, Комета",Ыйдаҥа,The moon appears in the night sky and reflects light.,What appears in the night sky?,"Sun, Star, Moon, Comet",Moon,Ый түүҥҥү халлааҥҥа көстөн сырдыгы эргийэр.,Түүннэри халлааҥҥа туох көстөрүй?,"Күн, Сулус, Ый, Комета",Ый
86,Чемодан айаҥҥа таҥаһы илдьэ сылдьарга туттуллар.,Айанныырга таҥаһы туох илдьэ сылдьарый?,"Дьааһык, Чемодан, Хомуот, Корзина",Чемодан,A suitcase is used to carry clothes while traveling.,What carries clothes when traveling?,"Box, Suitcase, Drawer, Basket",Suitcase,Чемодан айаҥҥа таҥаһы илдьэ сылдьарга туттуллар.,Айанныырга таҥаһы туох илдьэ сылдьарый?,"Дьааһык, Чемодан, Хомуот, Корзина",Чемодан
87,Стуллар атахтаахтар уонна олорорго туттуллар.,Туохха олороҕун?,"Остуол, Орон, Олоппос, Дьыбаан",Олоппос,Chairs have legs and are used for sitting.,What do you sit on?,"Table, Bed, Chair, Couch",Chair,Олоппостор атахтаахтар уонна олорорго туттуллаллар.,Туохха олороҕун?,"Остуол, Орон, Олоппос, Дьыбаан",Олоппос
88,Үүт ынахтан тахсар уонна элбэх аһылыкка туттуллар.,Ынах тугу оҥорор?,"Уу, Түү, Үүт, Эт",Үүт,Milk comes from cows and is used in many foods.,What do cows produce?,"Water, Wool, Milk, Meat",Milk,Үүт ынахтан тахсар уонна элбэх аһылыкка туттуллар.,Ынах тугу оҥорор?,"Уу, Түү, Үүт, Эт",Үүт
89,Клавиатураҕа баар клавишалары буукубалары суруйарга тутталлар.,Буукубалары тугунан суруйаҕын?,"Кутуйах, Уруучука, Клавиатура, Монитор",Клавиатура,Keys on a keyboard are used to type letters.,What do you use to type letters?,"Mouse, Pen, Keyboard, Monitor",Keyboard,Клавиатураҕа баар клавишалары буукубалары суруйарга тутталлар.,буукубалары суруйаары тугунан туттаҕын?,"Кутуйах, Уруучука, Клавиатура, Монитор",Клавиатура
90,Уу уонна чэй курдук уу иһэргэ ыскааптары тутталлар.,Чэйи тугунан иһэҕин?,"Бытыылка, Тэриэлкэ, Чааскы, Биилкэ",Чааскы,Cups are used to drink liquids like water and tea.,What do you use to drink tea?,"Bottle, Plate, Cup, Fork",Cup,Уу уонна чэй курдук убаҕастары иһэргэ чааскылары тутталлар.,Чэйи хантан иһэҕин?,"Бытыылка, Тэриэлкэ, Чааскы, Биилкэ",Чааскы
91,Күн Сиргэ сылааһы уонна сырдыгы биэрэр.,Сиргэ сылааһы туох биэрэрий?,"Сулус, Күн, Ыйдаҥа, Планета",Күн,The sun gives heat and light to the Earth.,What gives heat to Earth?,"Star, Sun, Moon, Planet",Sun,Күн Сир Шаарыгар сылааһы уонна сырдыгы биэрэр.,Сир Шаарыгар сылааһы туох биэрэрий?,"Сулус, Күн, Ыйдаҥа, Планета",Күн
92,Зонтик ардаҕы хааччахтыыр уонна дьону кураанах тутар.,Ардахха туох эйигин кураанах тутар?,"Шляпа, Зонтик, Соттор, Сон",Зонтик,An umbrella blocks rain and keeps people dry.,What keeps you dry in rain?,"Hat, Umbrella, Towel, Coat",Umbrella,Зонтик ардаҕы хааччахтыыр уонна дьону кураанах тутар.,Ардахха туох эйигин кураанах тутар?,"Шляпа, Зонтик, Соттор, Сон",Зонтик
93,Стоматолог тиискин доруобай тутарга көмөлөһөр.,Тиискин ким бэрэбиэркэлиирий?,"Эмчит, Медсиэстирэ, Тиис бырааһа, Шеф-повар",Тиис бырааһа,The dentist helps keep your teeth healthy.,Who checks your teeth?,"Doctor, Nurse, Dentist, Chef",Dentist,Тиис бырааһа тиискин доруобай тутарга көмөлөһөр.,Тиискин ким бэрэбиэркэлиирий?,"Эмчит, Медсиэстирэ, Тиис бырааһа, Шеф-повар",Тиис бырааһа
94,"Бибилэтиэкэ диэн ааҕар, кинигэ ылар сир.",Хантан кинигэ ылыахха сөбүй?,"Кинигэ маҕаһыына, Библиотека, Оскуола, Офис",Библиотека,The library is a place to read and borrow books.,Where can you borrow books?,"Bookstore, Library, School, Office",Library,"Бибилэтиэкэ диэн ааҕар, кинигэ ылар сир.",Хантан кинигэ уларсыахха сөбүй?,"Кинигэ маҕаһыына, Библиотека, Оскуола, Офис",Библиотека
95,Чаһы башнята улахан уопсастыбаннай сирдэргэ бириэмэни көрдөрөр.,Куорат болуоссаттарыгар бириэмэни туох көрдөрөрүй?,"Ыстаатыйа, Чаһыы, Лаампа, Колокольчик",Чаһыы,A clock tower shows the time in large public areas.,What shows time in town squares?,"Statue, Clock, Lamp, Bell",Clock,Чаһыы башнята улахан уопсастыбаннай сирдэргэ бириэмэни көрдөрөр.,Куорат болуоссаттарыгар бириэмэни туох көрдөрөрүй?,"Ыстаатыйа, Чаһыы башнята, Лаампа, Колокольчик",Чаһыы башнята
96,Свисток тыаһаатаҕына улахан тыаһы таһаарар.,Туох тыас таһаарарый?,"Муос, Иһиир, Барабан, Сирена",Иһиир,A whistle makes a loud sound when blown.,What makes a sound when blown?,"Horn, Whistle, Drum, Siren",Whistle,Иһиир тыаһаатаҕына улахан тыаһы таһаарар.,Үрдэххэ туох тыас таһаарарый?,"Муос, Иһиир, Барабан, Сирена",Иһиир
97,Кистэлэҥнэр сир үрдүгэр кыраасканы уурарга туттуллар.,Кыраасканы туох тарҕатар?,"Уруучука, Ролик, Суокка, Губка",Суокка,Paintbrushes are used to apply paint to surfaces.,What spreads paint?,"Pen, Roller, Brush, Sponge",Brush,Киистэлэр кырааскалыырга туттуллаллар.,Кыраасканы туох тарҕатар?,"Уруучука, Ролик, Киистэ, Губка",Киистэ
98,Компас хоту уонна соҕуруу курдук хайысхалары буларга туттуллар.,Ханнык тэрил хайысханы буларга көмөлөһөрүй?,"Хаартыска, Компас, GPS, Чаһыы",Компас,A compass is used to find directions like north and south.,What tool helps you find directions?,"Map, Compass, GPS, Clock",Compass,Компас хоту уонна соҕуруу курдук хайысхалары буларга туттуллар.,Ханнык тэрил хайысханы буларга көмөлөһөрүй?,"Хаартыска, Компас, GPS, Чаһыы",Компас
99,Рюкзак кинигэлэри уонна тэриллэри илдьэ сылдьарга туттуллар.,Оскуола тэриллэрин тиэйэргэ туох туттулларый?,"Суумка, Рюкзак, Чемодан, Корзина",Рюкзак,A backpack is used to carry books and supplies.,What is used to carry school supplies?,"Bag, Backpack, Suitcase, Basket",Backpack,Рюкзак кинигэлэри уонна тэриллэри илдьэ сылдьарга туттуллар.,Оскуола тэриллэрин тиэйэргэ туох туттулларый?,"Суумка, Рюкзак, Чемодан, Корзина",Рюкзак
100,Хараҥаҕа көрөргө фонарик туттуллар.,Хараҥаҕа көрөргө туох көмөлөһөрүй?,"Лаампа, Фонарик, Чүмэчи, Сиэркилэ",Фонарик,A flashlight is used to see in the dark.,What helps you see in the dark?,"Lamp, Flashlight, Candle, Mirror",Flashlight,Хараҥаҕа көрөргө фонарик туттуллар.,Хараҥаҕа көрөргө туох көмөлөһөрүй?,"Лаампа, Фонарик, Чүмэчи, Сиэркилэ",Фонарик